ID,Age,PredictedAge,BAG
ABC1001,65,63.62540816,-1.374591843
ABC1002,61,64.14308512,3.14308512
ABC1003,75,69.49796707,-5.502032932
ABC1004,75,72.95158463,-2.048415375
ABC1005,65,62.63254036,-2.367459644